values,time
20.90707,2021-03-12T23:24:17Z
17.00083,2021-03-12T23:25:16Z
19.0017,2021-03-12T23:25:26Z
18.00343,2021-03-12T23:26:06Z
17.00083,2021-03-12T23:26:16Z
21.00256,2021-03-12T23:26:56Z
17.00083,2021-03-12T23:27:37Z
21.00256,2021-03-12T23:28:17Z
19.99996,2021-03-12T23:28:47Z
17.00083,2021-03-12T23:29:07Z
19.99996,2021-03-12T23:29:37Z
17.00083,2021-03-12T23:30:18Z
16.00257,2021-03-12T23:30:28Z
19.99996,2021-03-12T23:30:48Z
16.00257,2021-03-12T23:31:38Z
19.99996,2021-03-12T23:32:08Z
17.00083,2021-03-12T23:33:09Z
19.99996,2021-03-12T23:33:39Z
16.00257,2021-03-12T23:34:19Z
17.00083,2021-03-12T23:34:29Z
19.99996,2021-03-12T23:34:49Z
16.00257,2021-03-12T23:35:20Z
21.00256,2021-03-12T23:36:10Z
16.00257,2021-03-12T23:37:00Z
19.99996,2021-03-12T23:37:20Z
17.00083,2021-03-12T23:38:01Z
19.0017,2021-03-12T23:38:31Z
19.99996,2021-03-12T23:38:51Z
17.00083,2021-03-12T23:39:31Z
19.0017,2021-03-12T23:40:01Z
18.00343,2021-03-12T23:40:31Z
19.99996,2021-03-12T23:41:42Z
17.00083,2021-03-12T23:42:02Z
18.00343,2021-03-12T23:42:52Z
17.00083,2021-03-12T23:43:23Z
19.99996,2021-03-12T23:43:33Z
18.00343,2021-03-12T23:44:33Z
19.99996,2021-03-12T23:45:13Z
18.00343,2021-03-12T23:45:53Z
19.99996,2021-03-12T23:46:14Z
17.00083,2021-03-12T23:47:14Z
18.00343,2021-03-12T23:47:44Z
17.00083,2021-03-12T23:48:14Z
19.0017,2021-03-12T23:48:55Z
21.00256,2021-03-12T23:49:25Z
18.00343,2021-03-12T23:49:45Z
19.99996,2021-03-12T23:50:25Z
18.00343,2021-03-12T23:50:55Z
17.00083,2021-03-12T23:51:36Z
18.00343,2021-03-12T23:53:06Z
17.00083,2021-03-12T23:53:36Z
18.00343,2021-03-12T23:55:17Z
17.00083,2021-03-12T23:55:37Z
18.00343,2021-03-12T23:56:07Z
17.00083,2021-03-12T23:56:37Z
18.00343,2021-03-12T23:56:58Z
17.00083,2021-03-12T23:57:28Z
16.00257,2021-03-12T23:59:08Z
17.00083,2021-03-13T00:00:39Z
16.00257,2021-03-13T00:01:09Z
17.00083,2021-03-13T00:01:59Z
16.00257,2021-03-13T00:02:10Z
17.00083,2021-03-13T00:02:40Z
16.00257,2021-03-13T00:03:10Z
17.00083,2021-03-13T00:05:21Z
16.00257,2021-03-13T00:06:01Z
17.00083,2021-03-13T00:07:52Z
16.00257,2021-03-13T00:08:02Z
17.00083,2021-03-13T00:08:32Z
16.00257,2021-03-13T00:10:13Z
17.00083,2021-03-13T00:10:23Z
16.00257,2021-03-13T00:11:33Z
17.00083,2021-03-13T00:12:13Z
18.00343,2021-03-13T00:12:23Z
17.00083,2021-03-13T00:13:44Z
18.00343,2021-03-13T00:14:14Z
17.00083,2021-03-13T00:15:24Z
18.00343,2021-03-13T00:18:46Z
17.00083,2021-03-13T00:19:06Z
18.00343,2021-03-13T00:20:16Z
17.00083,2021-03-13T00:20:26Z
18.00343,2021-03-13T00:22:17Z
17.00083,2021-03-13T00:22:37Z
19.99996,2021-03-13T00:23:17Z
19.0017,2021-03-13T00:23:58Z
19.99996,2021-03-13T00:24:48Z
19.0017,2021-03-13T00:24:58Z
19.0017,2021-03-13T00:26:08Z
19.99996,2021-03-13T00:26:39Z
18.00343,2021-03-13T00:27:29Z
19.0017,2021-03-13T00:27:49Z
19.99996,2021-03-13T00:27:59Z
18.00343,2021-03-13T00:28:39Z
19.99996,2021-03-13T00:30:10Z
19.0017,2021-03-13T00:30:40Z
19.99996,2021-03-13T00:30:50Z
19.0017,2021-03-13T00:31:30Z
18.00343,2021-03-13T00:32:31Z
19.0017,2021-03-13T00:32:41Z
19.99996,2021-03-13T00:33:11Z
17.00083,2021-03-13T00:33:31Z
19.0017,2021-03-13T00:33:41Z
19.99996,2021-03-13T00:34:42Z
19.0017,2021-03-13T00:35:02Z
18.00343,2021-03-13T00:35:22Z
19.99996,2021-03-13T00:36:02Z
19.0017,2021-03-13T00:36:12Z
18.00343,2021-03-13T00:36:42Z
16.00257,2021-03-13T00:38:03Z
18.00343,2021-03-13T00:38:53Z
17.00083,2021-03-13T00:40:14Z
16.00257,2021-03-13T00:41:14Z
17.00083,2021-03-13T00:41:54Z
18.00343,2021-03-13T00:42:35Z
19.0017,2021-03-13T00:43:15Z
18.00343,2021-03-13T00:43:35Z
17.00083,2021-03-13T00:49:37Z
18.00343,2021-03-13T00:51:38Z
17.00083,2021-03-13T00:52:08Z
18.00343,2021-03-13T00:54:39Z
17.00083,2021-03-13T00:54:59Z
18.00343,2021-03-13T00:56:40Z
17.00083,2021-03-13T00:57:10Z
16.00257,2021-03-13T00:58:41Z
17.00083,2021-03-13T00:59:11Z
16.00257,2021-03-13T00:59:21Z
18.00343,2021-03-13T00:59:51Z
19.0017,2021-03-13T01:01:32Z
18.00343,2021-03-13T01:02:02Z
19.99996,2021-03-13T01:03:32Z
19.0017,2021-03-13T01:04:23Z
19.99996,2021-03-13T01:05:13Z
19.0017,2021-03-13T01:06:33Z
19.99996,2021-03-13T01:07:34Z
19.0017,2021-03-13T01:13:46Z
19.99996,2021-03-13T01:13:56Z
18.00343,2021-03-13T01:15:37Z
17.00083,2021-03-13T01:15:57Z
19.0017,2021-03-13T01:16:27Z
17.00083,2021-03-13T01:16:47Z
18.00343,2021-03-13T01:16:57Z
17.00083,2021-03-13T01:19:28Z
16.00257,2021-03-13T01:25:00Z
17.00083,2021-03-13T01:25:21Z
18.00343,2021-03-13T01:31:03Z
17.00083,2021-03-13T01:32:33Z
18.00343,2021-03-13T01:32:43Z
17.00083,2021-03-13T01:33:03Z
18.00343,2021-03-13T01:35:54Z
17.00083,2021-03-13T01:36:05Z
18.00343,2021-03-13T01:36:15Z
17.00083,2021-03-13T01:36:55Z
19.0017,2021-03-13T01:42:17Z
18.00343,2021-03-13T01:42:57Z
17.00083,2021-03-13T01:45:58Z
18.00343,2021-03-13T01:46:18Z
19.99996,2021-03-13T01:47:09Z
19.0017,2021-03-13T01:52:11Z
19.99996,2021-03-13T01:52:31Z
19.0017,2021-03-13T01:53:01Z
19.99996,2021-03-13T01:53:11Z
19.99996,2021-03-13T01:53:51Z
19.0017,2021-03-13T01:56:32Z
18.00343,2021-03-13T01:56:52Z
17.00083,2021-03-13T01:57:43Z
18.00343,2021-03-13T02:03:35Z
17.00083,2021-03-13T02:04:05Z
16.00257,2021-03-13T02:05:36Z
17.00083,2021-03-13T02:05:46Z
16.00257,2021-03-13T02:13:28Z
17.00083,2021-03-13T02:13:38Z
16.00257,2021-03-13T02:14:09Z
17.00083,2021-03-13T02:14:19Z
16.00257,2021-03-13T02:15:39Z
17.00083,2021-03-13T02:15:49Z
16.00257,2021-03-13T02:17:00Z
17.00083,2021-03-13T02:17:20Z
16.00257,2021-03-13T02:18:40Z
17.00083,2021-03-13T02:19:21Z
18.00343,2021-03-13T02:21:41Z
17.00083,2021-03-13T02:22:02Z
18.00343,2021-03-13T02:23:12Z
19.99996,2021-03-13T02:23:32Z
18.00343,2021-03-13T02:23:52Z
19.0017,2021-03-13T02:24:53Z
18.00343,2021-03-13T02:25:03Z
19.0017,2021-03-13T02:25:23Z
18.00343,2021-03-13T02:26:13Z
21.00256,2021-03-13T02:29:14Z
19.99996,2021-03-13T02:29:54Z
19.0017,2021-03-13T02:37:17Z
18.00343,2021-03-13T02:37:47Z
19.0017,2021-03-13T02:37:57Z
17.00083,2021-03-13T02:38:48Z
17.00083,2021-03-13T02:48:48Z
18.00343,2021-03-13T02:48:51Z
17.00083,2021-03-13T02:50:12Z
18.00343,2021-03-13T02:51:12Z
19.0017,2021-03-13T02:51:22Z
17.00083,2021-03-13T02:51:42Z
18.00343,2021-03-13T02:52:03Z
18.00343,2021-03-13T02:53:03Z
17.00083,2021-03-13T02:53:13Z
18.00343,2021-03-13T02:54:34Z
17.00083,2021-03-13T02:54:54Z
18.00343,2021-03-13T02:55:44Z
19.0017,2021-03-13T02:56:44Z
18.00343,2021-03-13T02:57:04Z
19.0017,2021-03-13T02:58:05Z
18.00343,2021-03-13T02:59:25Z
19.99996,2021-03-13T03:00:06Z
19.0017,2021-03-13T03:01:26Z
18.00343,2021-03-13T03:01:46Z
19.99996,2021-03-13T03:02:06Z
19.99996,2021-03-13T03:02:47Z
19.0017,2021-03-13T03:03:37Z
19.99996,2021-03-13T03:04:17Z
18.00343,2021-03-13T03:04:37Z
19.0017,2021-03-13T03:04:47Z
18.00343,2021-03-13T03:05:18Z
19.99996,2021-03-13T03:06:08Z
19.0017,2021-03-13T03:06:38Z
19.99996,2021-03-13T03:06:48Z
19.0017,2021-03-13T03:08:29Z
21.00256,2021-03-13T03:08:49Z
22.00082,2021-03-13T03:11:10Z
21.00256,2021-03-13T03:11:20Z
22.00082,2021-03-13T03:13:00Z
21.00256,2021-03-13T03:13:21Z
19.99996,2021-03-13T03:14:01Z
21.00256,2021-03-13T03:14:11Z
19.99996,2021-03-13T03:15:01Z
21.00256,2021-03-13T03:15:31Z
19.99996,2021-03-13T03:16:02Z
21.00256,2021-03-13T03:16:12Z
19.99996,2021-03-13T03:16:42Z
19.99996,2021-03-13T03:17:12Z
19.0017,2021-03-13T03:18:22Z
18.00343,2021-03-13T03:19:03Z
17.00083,2021-03-13T03:20:13Z
18.00343,2021-03-13T03:20:33Z
19.0017,2021-03-13T03:21:13Z
18.00343,2021-03-13T03:21:24Z
19.0017,2021-03-13T03:21:54Z
17.00083,2021-03-13T03:22:44Z
18.00343,2021-03-13T03:22:54Z
19.0017,2021-03-13T03:23:24Z
17.00083,2021-03-13T03:24:15Z
18.00343,2021-03-13T03:24:35Z
19.0017,2021-03-13T03:26:05Z
17.00083,2021-03-13T03:26:15Z
19.0017,2021-03-13T03:26:46Z
17.00083,2021-03-13T03:27:16Z
18.00343,2021-03-13T03:28:56Z
19.0017,2021-03-13T03:30:37Z
18.00343,2021-03-13T03:30:57Z
18.00343,2021-03-13T03:31:37Z
19.0017,2021-03-13T03:32:28Z
18.00343,2021-03-13T03:33:08Z
19.0017,2021-03-13T03:33:38Z
17.00083,2021-03-13T03:34:18Z
18.00343,2021-03-13T03:34:49Z
19.0017,2021-03-13T03:35:49Z
18.00343,2021-03-13T03:36:09Z
19.0017,2021-03-13T03:37:30Z
17.00083,2021-03-13T03:38:00Z
18.00343,2021-03-13T03:38:10Z
19.99996,2021-03-13T03:39:00Z
19.0017,2021-03-13T03:39:20Z
18.00343,2021-03-13T03:39:40Z
19.0017,2021-03-13T03:40:11Z
19.99996,2021-03-13T03:40:51Z
18.00343,2021-03-13T03:41:01Z
19.0017,2021-03-13T03:41:41Z
18.00343,2021-03-13T03:42:21Z
19.99996,2021-03-13T03:42:31Z
19.0017,2021-03-13T03:43:12Z
18.00343,2021-03-13T03:43:32Z
19.99996,2021-03-13T03:44:12Z
18.00343,2021-03-13T03:44:22Z
19.0017,2021-03-13T03:45:02Z
19.99996,2021-03-13T03:45:22Z
18.00343,2021-03-13T03:46:33Z
19.0017,2021-03-13T03:47:13Z
18.00343,2021-03-13T03:48:24Z
19.99996,2021-03-13T03:49:04Z
19.0017,2021-03-13T03:49:34Z
19.99996,2021-03-13T03:50:04Z
18.00343,2021-03-13T03:50:54Z
19.99996,2021-03-13T03:52:05Z
19.0017,2021-03-13T03:52:25Z
19.99996,2021-03-13T03:52:55Z
18.00343,2021-03-13T03:53:15Z
19.0017,2021-03-13T03:53:25Z
19.99996,2021-03-13T03:54:16Z
19.0017,2021-03-13T03:54:46Z
19.99996,2021-03-13T03:57:17Z
19.0017,2021-03-13T03:58:17Z
21.00256,2021-03-13T03:58:47Z
22.00082,2021-03-13T03:59:28Z
19.99996,2021-03-13T04:00:38Z
19.0017,2021-03-13T04:01:38Z
19.99996,2021-03-13T04:01:49Z
18.00343,2021-03-13T04:02:19Z
19.99996,2021-03-13T04:03:09Z
18.00343,2021-03-13T04:03:19Z
19.0017,2021-03-13T04:03:59Z
18.00343,2021-03-13T04:04:50Z
19.0017,2021-03-13T04:05:00Z
18.00343,2021-03-13T04:05:40Z
19.0017,2021-03-13T04:06:00Z
18.00343,2021-03-13T04:06:30Z
19.99996,2021-03-13T04:07:00Z
18.00343,2021-03-13T04:07:41Z
19.0017,2021-03-13T04:08:31Z
18.00343,2021-03-13T04:08:51Z
19.0017,2021-03-13T04:10:12Z
18.00343,2021-03-13T04:10:22Z
19.0017,2021-03-13T04:12:33Z
18.00343,2021-03-13T04:13:43Z
19.0017,2021-03-13T04:14:23Z
18.00343,2021-03-13T04:14:53Z
19.0017,2021-03-13T04:15:34Z
18.00343,2021-03-13T04:16:54Z
19.0017,2021-03-13T04:17:34Z
19.99996,2021-03-13T04:17:55Z
19.0017,2021-03-13T04:18:25Z
18.00343,2021-03-13T04:18:35Z
19.0017,2021-03-13T04:18:45Z
18.00343,2021-03-13T04:19:55Z
19.0017,2021-03-13T04:20:25Z
19.99996,2021-03-13T04:21:56Z
19.0017,2021-03-13T04:22:16Z
21.00256,2021-03-13T04:23:17Z
19.99996,2021-03-13T04:23:27Z
19.0017,2021-03-13T04:24:27Z
19.99996,2021-03-13T04:25:47Z
19.0017,2021-03-13T04:26:28Z
19.99996,2021-03-13T04:26:38Z
19.0017,2021-03-13T04:27:08Z
19.99996,2021-03-13T04:27:28Z
19.0017,2021-03-13T04:28:28Z
18.00343,2021-03-13T04:29:09Z
19.0017,2021-03-13T04:29:29Z
19.99996,2021-03-13T04:29:49Z
19.0017,2021-03-13T04:30:29Z
19.99996,2021-03-13T04:30:39Z
19.0017,2021-03-13T04:32:10Z
19.99996,2021-03-13T04:32:30Z
19.0017,2021-03-13T04:32:50Z
19.99996,2021-03-13T04:35:01Z
19.0017,2021-03-13T04:35:11Z
19.99996,2021-03-13T04:35:41Z
18.00343,2021-03-13T04:38:42Z
17.00083,2021-03-13T04:40:03Z
18.00343,2021-03-13T04:40:23Z
17.00083,2021-03-13T04:40:43Z
19.0017,2021-03-13T04:41:23Z
17.00083,2021-03-13T04:42:14Z
18.00343,2021-03-13T04:42:34Z
17.00083,2021-03-13T04:43:24Z
18.00343,2021-03-13T04:44:55Z
17.00083,2021-03-13T04:45:05Z
18.00343,2021-03-13T04:45:25Z
17.00083,2021-03-13T04:45:45Z
17.00083,2021-03-13T04:46:35Z
18.00343,2021-03-13T04:47:06Z
19.0017,2021-03-13T04:47:46Z
18.00343,2021-03-13T04:47:56Z
19.99996,2021-03-13T04:49:16Z
19.0017,2021-03-13T04:49:37Z
18.00343,2021-03-13T04:50:07Z
19.0017,2021-03-13T04:50:47Z
18.00343,2021-03-13T04:51:17Z
19.99996,2021-03-13T04:51:37Z
18.00343,2021-03-13T04:52:18Z
19.0017,2021-03-13T04:52:38Z
18.00343,2021-03-13T04:52:58Z
19.0017,2021-03-13T04:54:18Z
17.00083,2021-03-13T04:55:19Z
19.0017,2021-03-13T04:57:19Z
18.00343,2021-03-13T04:57:30Z
19.99996,2021-03-13T04:57:40Z
19.0017,2021-03-13T05:00:11Z
19.99996,2021-03-13T05:00:21Z
19.0017,2021-03-13T05:01:01Z
19.99996,2021-03-13T05:01:21Z
18.00343,2021-03-13T05:01:31Z
19.0017,2021-03-13T05:02:31Z
17.00083,2021-03-13T05:03:02Z
16.00257,2021-03-13T05:03:22Z
16.00257,2021-03-13T05:03:42Z
17.00083,2021-03-13T05:04:22Z
16.00257,2021-03-13T05:05:53Z
18.00343,2021-03-13T05:06:33Z
19.0017,2021-03-13T05:07:13Z
17.00083,2021-03-13T05:07:23Z
17.00083,2021-03-13T05:08:14Z
18.00343,2021-03-13T05:08:44Z
19.0017,2021-03-13T05:09:04Z
17.00083,2021-03-13T05:10:14Z
19.0017,2021-03-13T05:11:05Z
18.00343,2021-03-13T05:11:45Z
17.00083,2021-03-13T05:12:05Z
18.00343,2021-03-13T05:12:55Z
17.00083,2021-03-13T05:13:36Z
16.00257,2021-03-13T05:14:36Z
17.00083,2021-03-13T05:14:56Z
16.00257,2021-03-13T05:15:46Z
17.00083,2021-03-13T05:15:56Z
16.00257,2021-03-13T05:18:37Z
17.00083,2021-03-13T05:18:47Z
14.99997,2021-03-13T05:19:28Z
16.00257,2021-03-13T05:19:38Z
14.99997,2021-03-13T05:21:28Z
16.00257,2021-03-13T05:21:39Z
17.00083,2021-03-13T05:22:59Z
16.00257,2021-03-13T05:23:19Z
17.00083,2021-03-13T05:26:30Z
16.00257,2021-03-13T05:27:01Z
17.00083,2021-03-13T05:27:51Z
16.00257,2021-03-13T05:28:21Z
17.00083,2021-03-13T05:28:31Z
16.00257,2021-03-13T05:30:12Z
17.00083,2021-03-13T05:30:32Z
18.00343,2021-03-13T05:35:34Z
17.00083,2021-03-13T05:36:04Z
18.00343,2021-03-13T05:36:14Z
17.00083,2021-03-13T05:36:54Z
19.99996,2021-03-13T05:38:55Z
18.00343,2021-03-13T05:39:15Z
19.99996,2021-03-13T05:41:06Z
18.00343,2021-03-13T05:41:16Z
19.0017,2021-03-13T05:41:46Z
19.99996,2021-03-13T05:41:56Z
18.00343,2021-03-13T05:42:36Z
19.0017,2021-03-13T05:42:56Z
19.99996,2021-03-13T05:43:27Z
18.00343,2021-03-13T05:44:17Z
19.99996,2021-03-13T05:45:48Z
18.00343,2021-03-13T05:47:28Z
19.0017,2021-03-13T05:47:38Z
19.99996,2021-03-13T05:48:28Z
19.0017,2021-03-13T05:48:59Z
19.99996,2021-03-13T05:49:09Z
18.00343,2021-03-13T05:49:39Z
19.99996,2021-03-13T05:49:49Z
19.0017,2021-03-13T05:50:49Z
19.99996,2021-03-13T05:51:09Z
18.00343,2021-03-13T05:51:30Z
19.0017,2021-03-13T05:52:50Z
18.00343,2021-03-13T05:53:20Z
19.99996,2021-03-13T05:54:21Z
18.00343,2021-03-13T05:56:11Z
19.0017,2021-03-13T05:56:21Z
17.00083,2021-03-13T05:57:12Z
18.00343,2021-03-13T05:58:02Z
17.00083,2021-03-13T05:58:32Z
18.00343,2021-03-13T05:59:33Z
17.00083,2021-03-13T06:00:33Z
18.00343,2021-03-13T06:01:53Z
17.00083,2021-03-13T06:02:24Z
18.00343,2021-03-13T06:03:04Z
17.00083,2021-03-13T06:03:14Z
18.00343,2021-03-13T06:03:44Z
17.00083,2021-03-13T06:04:14Z
18.00343,2021-03-13T06:05:05Z
17.00083,2021-03-13T06:05:25Z
18.00343,2021-03-13T06:12:48Z
17.00083,2021-03-13T06:12:58Z
18.00343,2021-03-13T06:14:18Z
17.00083,2021-03-13T06:14:38Z
21.00256,2021-03-13T06:16:09Z
22.00082,2021-03-13T06:16:39Z
21.00256,2021-03-13T06:16:59Z
22.00082,2021-03-13T06:17:49Z
21.00256,2021-03-13T06:18:30Z
22.00082,2021-03-13T06:19:30Z
21.00256,2021-03-13T06:20:51Z
22.00082,2021-03-13T06:22:01Z
21.00256,2021-03-13T06:22:21Z
21.00256,2021-03-13T06:22:41Z
22.00082,2021-03-13T06:23:21Z
21.00256,2021-03-13T06:24:22Z
22.00082,2021-03-13T06:25:22Z
21.00256,2021-03-13T06:26:13Z
19.99996,2021-03-13T06:29:44Z
21.00256,2021-03-13T06:30:14Z
19.99996,2021-03-13T06:30:24Z
21.00256,2021-03-13T06:30:44Z
19.99996,2021-03-13T06:35:16Z
21.00256,2021-03-13T06:35:36Z
22.00082,2021-03-13T06:40:38Z
NaN,2021-03-13T06:41:08Z
19.99996,2021-03-13T06:41:18Z
19.0017,2021-03-13T06:42:39Z
19.99996,2021-03-13T06:42:59Z
21.00256,2021-03-13T06:48:51Z
19.99996,2021-03-13T06:51:52Z
21.00256,2021-03-13T06:52:12Z
19.99996,2021-03-13T06:52:32Z
19.99996,2021-03-13T06:53:33Z
21.00256,2021-03-13T06:54:03Z
19.99996,2021-03-13T06:55:13Z
21.00256,2021-03-13T06:55:54Z
19.99996,2021-03-13T06:56:14Z
23.00342,2021-03-13T06:56:34Z
22.00082,2021-03-13T06:56:54Z
23.00342,2021-03-13T06:58:25Z
22.00082,2021-03-13T06:58:55Z
25.00429,2021-03-13T06:59:05Z
26.00255,2021-03-13T06:59:55Z
25.00429,2021-03-13T07:00:55Z
26.00255,2021-03-13T07:01:06Z
26.00255,2021-03-13T07:02:06Z
27.00081,2021-03-13T07:02:26Z
26.00255,2021-03-13T07:03:36Z
25.00429,2021-03-13T07:04:27Z
26.00255,2021-03-13T07:04:57Z
25.00429,2021-03-13T07:05:07Z
26.00255,2021-03-13T07:06:17Z
24.00168,2021-03-13T07:06:38Z
25.00429,2021-03-13T07:06:58Z
26.00255,2021-03-13T07:07:58Z
24.00168,2021-03-13T07:08:58Z
25.00429,2021-03-13T07:09:39Z
24.00168,2021-03-13T07:09:49Z
25.00429,2021-03-13T07:10:49Z
26.00255,2021-03-13T07:12:00Z
23.00342,2021-03-13T07:12:10Z
26.00255,2021-03-13T07:12:40Z
25.00429,2021-03-13T07:13:10Z
23.00342,2021-03-13T07:15:11Z
25.00429,2021-03-13T07:16:11Z
23.00342,2021-03-13T07:17:52Z
22.00082,2021-03-13T07:18:12Z
24.00168,2021-03-13T07:18:32Z
25.00429,2021-03-13T07:19:32Z
23.00342,2021-03-13T07:20:13Z
24.00168,2021-03-13T07:21:23Z
25.00429,2021-03-13T07:21:53Z
24.00168,2021-03-13T07:22:03Z
22.00082,2021-03-13T07:22:33Z
25.00429,2021-03-13T07:23:14Z
24.00168,2021-03-13T07:24:14Z
22.00082,2021-03-13T07:24:34Z
23.00342,2021-03-13T07:24:54Z
25.00429,2021-03-13T07:25:25Z
22.00082,2021-03-13T07:26:25Z
23.00342,2021-03-13T07:26:55Z
22.00082,2021-03-13T07:27:05Z
24.00168,2021-03-13T07:27:35Z
24.00168,2021-03-13T07:27:55Z
23.00342,2021-03-13T07:28:46Z
22.00082,2021-03-13T07:28:56Z
25.00429,2021-03-13T07:29:36Z
22.00082,2021-03-13T07:30:47Z
24.00168,2021-03-13T07:31:27Z
22.00082,2021-03-13T07:32:17Z
21.00256,2021-03-13T07:32:47Z
23.00342,2021-03-13T07:33:28Z
19.99996,2021-03-13T07:34:18Z
23.00342,2021-03-13T07:35:18Z
19.99996,2021-03-13T07:36:09Z
23.00342,2021-03-13T07:37:19Z
21.00256,2021-03-13T07:38:09Z
19.99996,2021-03-13T07:38:29Z
23.00342,2021-03-13T07:39:30Z
22.00082,2021-03-13T07:40:00Z
18.00343,2021-03-13T07:40:40Z
19.0017,2021-03-13T07:40:50Z
22.00082,2021-03-13T07:41:10Z
23.00342,2021-03-13T07:42:01Z
19.99996,2021-03-13T07:42:11Z
22.00082,2021-03-13T07:43:21Z
21.00256,2021-03-13T07:44:01Z
19.0017,2021-03-13T07:44:12Z
23.00342,2021-03-13T07:45:12Z
21.00256,2021-03-13T07:46:12Z
19.99996,2021-03-13T07:46:22Z
19.0017,2021-03-13T07:46:53Z
22.00082,2021-03-13T07:47:33Z
19.99996,2021-03-13T07:47:53Z
19.0017,2021-03-13T07:48:43Z
22.00082,2021-03-13T07:49:23Z
23.00342,2021-03-13T07:49:54Z
19.99996,2021-03-13T07:50:44Z
24.00168,2021-03-13T07:51:14Z
19.99996,2021-03-13T07:52:15Z
21.00256,2021-03-13T07:53:05Z
25.00429,2021-03-13T07:53:35Z
23.00342,2021-03-13T07:54:05Z
21.00256,2021-03-13T07:54:25Z
25.00429,2021-03-13T07:55:06Z
24.00168,2021-03-13T07:55:26Z
23.00342,2021-03-13T07:55:46Z
19.99996,2021-03-13T07:56:16Z
22.00082,2021-03-13T07:56:56Z
24.00168,2021-03-13T07:57:26Z
21.00256,2021-03-13T07:58:17Z
22.00082,2021-03-13T07:58:57Z
23.00342,2021-03-13T08:00:07Z
21.00256,2021-03-13T08:00:17Z
22.00082,2021-03-13T08:01:28Z
19.99996,2021-03-13T08:01:48Z
22.00082,2021-03-13T08:04:49Z
24.00168,2021-03-13T08:06:30Z
23.00342,2021-03-13T08:07:00Z
24.00168,2021-03-13T08:07:10Z
25.00429,2021-03-13T08:08:00Z
23.00342,2021-03-13T08:08:20Z
25.00429,2021-03-13T08:08:31Z
22.00082,2021-03-13T08:09:01Z
23.00342,2021-03-13T08:09:21Z
21.00256,2021-03-13T08:10:21Z
22.00082,2021-03-13T08:10:31Z
21.00256,2021-03-13T08:11:52Z
19.99996,2021-03-13T08:12:12Z
22.00082,2021-03-13T08:12:22Z
19.99996,2021-03-13T08:13:32Z
21.00256,2021-03-13T08:13:42Z
19.99996,2021-03-13T08:13:53Z
22.00082,2021-03-13T08:14:13Z
23.00342,2021-03-13T08:14:33Z
19.99996,2021-03-13T08:15:13Z
22.00082,2021-03-13T08:15:53Z
23.00342,2021-03-13T08:16:13Z
18.00343,2021-03-13T08:16:54Z
22.00082,2021-03-13T08:17:24Z
24.00168,2021-03-13T08:18:14Z
22.00082,2021-03-13T08:18:34Z
23.00342,2021-03-13T08:18:54Z
22.00082,2021-03-13T08:19:15Z
24.00168,2021-03-13T08:20:05Z
22.00082,2021-03-13T08:20:15Z
25.00429,2021-03-13T08:21:15Z
23.00342,2021-03-13T08:21:35Z
21.00256,2021-03-13T08:21:56Z
26.00255,2021-03-13T08:22:46Z
22.00082,2021-03-13T08:23:16Z
26.00255,2021-03-13T08:24:06Z
27.00081,2021-03-13T08:24:37Z
23.00342,2021-03-13T08:25:17Z
25.00429,2021-03-13T08:25:27Z
27.00081,2021-03-13T08:26:57Z
25.00429,2021-03-13T08:27:18Z
24.00168,2021-03-13T08:27:58Z
27.00081,2021-03-13T08:28:18Z
28.00341,2021-03-13T08:28:38Z
29.00167,2021-03-13T08:28:58Z
24.00168,2021-03-13T08:29:38Z
25.00429,2021-03-13T08:30:09Z
27.00081,2021-03-13T08:30:19Z
22.00082,2021-03-13T08:31:19Z
23.00342,2021-03-13T08:31:39Z
25.00429,2021-03-13T08:31:59Z
25.00429,2021-03-13T08:32:40Z
24.00168,2021-03-13T08:33:00Z
22.00082,2021-03-13T08:34:00Z
23.00342,2021-03-13T08:34:20Z
24.00168,2021-03-13T08:34:40Z
25.00429,2021-03-13T08:35:10Z
21.00256,2021-03-13T08:35:41Z
25.00429,2021-03-13T08:36:31Z
23.00342,2021-03-13T08:37:11Z
21.00256,2021-03-13T08:37:31Z
24.00168,2021-03-13T08:38:22Z
22.00082,2021-03-13T08:38:52Z
23.00342,2021-03-13T08:39:12Z
23.00342,2021-03-13T08:39:52Z
21.00256,2021-03-13T08:40:12Z
25.00429,2021-03-13T08:41:13Z
22.00082,2021-03-13T08:41:33Z
21.00256,2021-03-13T08:41:43Z
25.00429,2021-03-13T08:42:53Z
23.00342,2021-03-13T08:43:03Z
22.00082,2021-03-13T08:43:34Z
23.00342,2021-03-13T08:45:04Z
22.00082,2021-03-13T08:45:34Z
24.00168,2021-03-13T08:45:44Z
23.00342,2021-03-13T08:45:54Z
22.00082,2021-03-13T08:46:25Z
25.00429,2021-03-13T08:47:15Z
23.00342,2021-03-13T08:47:35Z
21.00256,2021-03-13T08:48:25Z
23.00342,2021-03-13T08:48:35Z
25.00429,2021-03-13T08:48:56Z
21.00256,2021-03-13T08:49:46Z
25.00429,2021-03-13T08:50:26Z
21.00256,2021-03-13T08:51:37Z
23.00342,2021-03-13T08:51:47Z
21.00256,2021-03-13T08:52:27Z
22.00082,2021-03-13T08:52:37Z
21.00256,2021-03-13T08:53:07Z
22.00082,2021-03-13T08:53:17Z
19.0017,2021-03-13T08:54:28Z
21.00256,2021-03-13T08:54:38Z
24.00168,2021-03-13T08:54:48Z
19.0017,2021-03-13T08:55:48Z
19.99996,2021-03-13T08:56:28Z
23.00342,2021-03-13T08:56:59Z
19.99996,2021-03-13T08:57:19Z
22.00082,2021-03-13T08:58:29Z
19.99996,2021-03-13T08:58:39Z
21.00256,2021-03-13T08:58:59Z
22.00082,2021-03-13T08:59:40Z
21.00256,2021-03-13T09:00:00Z
19.99996,2021-03-13T09:00:40Z
22.00082,2021-03-13T09:01:30Z
21.00256,2021-03-13T09:01:40Z
19.99996,2021-03-13T09:02:31Z
19.0017,2021-03-13T09:02:51Z
19.99996,2021-03-13T09:03:31Z
18.00343,2021-03-13T09:04:31Z
19.99996,2021-03-13T09:04:52Z
18.00343,2021-03-13T09:05:02Z
19.99996,2021-03-13T09:05:12Z
19.0017,2021-03-13T09:06:12Z
19.99996,2021-03-13T09:06:22Z
19.99996,2021-03-13T09:07:02Z
19.0017,2021-03-13T09:07:33Z
19.99996,2021-03-13T09:07:43Z
22.00082,2021-03-13T09:08:53Z
23.00342,2021-03-13T09:09:43Z
24.00168,2021-03-13T09:10:03Z
21.00256,2021-03-13T09:10:34Z
24.00168,2021-03-13T09:11:24Z
23.00342,2021-03-13T09:11:44Z
21.00256,2021-03-13T09:12:14Z
23.00342,2021-03-13T09:12:24Z
24.00168,2021-03-13T09:12:55Z
21.00256,2021-03-13T09:13:25Z
24.00168,2021-03-13T09:14:15Z
23.00342,2021-03-13T09:14:25Z
21.00256,2021-03-13T09:14:55Z
23.00342,2021-03-13T09:15:26Z
23.00342,2021-03-13T09:16:06Z
21.00256,2021-03-13T09:16:26Z
24.00168,2021-03-13T09:17:16Z
21.00256,2021-03-13T09:17:56Z
26.00255,2021-03-13T09:18:27Z
23.00342,2021-03-13T09:18:57Z
25.00429,2021-03-13T09:19:37Z
26.00255,2021-03-13T09:19:57Z
24.00168,2021-03-13T09:20:07Z
22.00082,2021-03-13T09:20:37Z
25.00429,2021-03-13T09:21:28Z
23.00342,2021-03-13T09:21:38Z
22.00082,2021-03-13T09:22:08Z
26.00255,2021-03-13T09:22:18Z
23.00342,2021-03-13T09:23:08Z
25.00429,2021-03-13T09:23:39Z
23.00342,2021-03-13T09:24:19Z
22.00082,2021-03-13T09:24:49Z
24.00168,2021-03-13T09:24:59Z
23.00342,2021-03-13T09:26:10Z
26.00255,2021-03-13T09:26:20Z
23.00342,2021-03-13T09:27:20Z
24.00168,2021-03-13T09:27:30Z
25.00429,2021-03-13T09:27:40Z
19.99996,2021-03-13T09:28:40Z
24.00168,2021-03-13T09:29:01Z
22.00082,2021-03-13T09:29:41Z
21.00256,2021-03-13T09:29:51Z
23.00342,2021-03-13T09:30:21Z
19.99996,2021-03-13T09:31:11Z
24.00168,2021-03-13T09:31:52Z
22.00082,2021-03-13T09:32:02Z
19.0017,2021-03-13T09:33:22Z
21.00256,2021-03-13T09:33:42Z
23.00342,2021-03-13T09:34:33Z
19.0017,2021-03-13T09:34:53Z
25.00429,2021-03-13T09:35:53Z
23.00342,2021-03-13T09:36:33Z
22.00082,2021-03-13T09:37:04Z
21.00256,2021-03-13T09:37:34Z
23.00342,2021-03-13T09:38:04Z
19.99996,2021-03-13T09:38:44Z
21.00256,2021-03-13T09:39:14Z
24.00168,2021-03-13T09:39:45Z
19.99996,2021-03-13T09:40:15Z
22.00082,2021-03-13T09:40:55Z
19.99996,2021-03-13T09:41:35Z
22.00082,2021-03-13T09:42:16Z
19.99996,2021-03-13T09:42:56Z
21.00256,2021-03-13T09:43:16Z
19.0017,2021-03-13T09:43:56Z
19.99996,2021-03-13T09:44:26Z
23.00342,2021-03-13T09:44:57Z
19.99996,2021-03-13T09:45:27Z
23.00342,2021-03-13T09:46:07Z
19.0017,2021-03-13T09:46:47Z
24.00168,2021-03-13T09:47:38Z
19.99996,2021-03-13T09:48:08Z
23.00342,2021-03-13T09:49:08Z
21.00256,2021-03-13T09:49:28Z
19.99996,2021-03-13T09:50:49Z
21.00256,2021-03-13T09:51:29Z
19.99996,2021-03-13T09:51:39Z
19.0017,2021-03-13T09:52:09Z
19.99996,2021-03-13T09:52:39Z
19.0017,2021-03-13T09:53:30Z
19.99996,2021-03-13T09:54:20Z
22.00082,2021-03-13T09:54:30Z
23.00342,2021-03-13T09:55:40Z
24.00168,2021-03-13T09:56:21Z
25.00429,2021-03-13T09:56:51Z
24.00168,2021-03-13T09:57:31Z
23.00342,2021-03-13T09:58:11Z
21.00256,2021-03-13T09:58:52Z
22.00082,2021-03-13T09:59:12Z
21.00256,2021-03-13T09:59:22Z
22.00082,2021-03-13T10:00:02Z
21.00256,2021-03-13T10:00:12Z
17.00083,2021-03-13T10:01:02Z
19.99996,2021-03-13T10:01:33Z
18.00343,2021-03-13T10:02:03Z
19.99996,2021-03-13T10:02:33Z
17.00083,2021-03-13T10:02:53Z
18.00343,2021-03-13T10:03:33Z
21.00256,2021-03-13T10:04:04Z
19.99996,2021-03-13T10:04:24Z
19.99996,2021-03-13T10:04:54Z
21.00256,2021-03-13T10:05:54Z
19.99996,2021-03-13T10:06:04Z
18.00343,2021-03-13T10:06:45Z
19.99996,2021-03-13T10:07:15Z
21.00256,2021-03-13T10:08:55Z
17.00083,2021-03-13T10:09:36Z
21.00256,2021-03-13T10:10:36Z
18.00343,2021-03-13T10:10:56Z
19.99996,2021-03-13T10:11:36Z
18.00343,2021-03-13T10:12:27Z
16.00257,2021-03-13T10:12:47Z
17.00083,2021-03-13T10:13:37Z
16.00257,2021-03-13T10:13:57Z
19.99996,2021-03-13T10:14:58Z
17.00083,2021-03-13T10:15:28Z
19.0017,2021-03-13T10:16:38Z
17.00083,2021-03-13T10:17:19Z
18.00343,2021-03-13T10:17:59Z
19.0017,2021-03-13T10:18:19Z
16.00257,2021-03-13T10:18:49Z
18.00343,2021-03-13T10:19:19Z
17.00083,2021-03-13T10:20:00Z
16.00257,2021-03-13T10:20:20Z
17.00083,2021-03-13T10:20:50Z
18.00343,2021-03-13T10:21:20Z
19.99996,2021-03-13T10:22:10Z
19.0017,2021-03-13T10:22:20Z
18.00343,2021-03-13T10:23:01Z
19.0017,2021-03-13T10:23:41Z
18.00343,2021-03-13T10:23:51Z
17.00083,2021-03-13T10:24:21Z
19.99996,2021-03-13T10:25:11Z
18.00343,2021-03-13T10:25:32Z
17.00083,2021-03-13T10:25:52Z
17.00083,2021-03-13T10:26:22Z
19.99996,2021-03-13T10:26:42Z
17.00083,2021-03-13T10:27:42Z
19.99996,2021-03-13T10:28:13Z
17.00083,2021-03-13T10:28:33Z
18.00343,2021-03-13T10:28:43Z
19.99996,2021-03-13T10:30:03Z
17.00083,2021-03-13T10:30:33Z
18.00343,2021-03-13T10:30:44Z
19.0017,2021-03-13T10:31:14Z
19.99996,2021-03-13T10:31:24Z
17.00083,2021-03-13T10:31:54Z
21.00256,2021-03-13T10:32:44Z
16.00257,2021-03-13T10:33:45Z
17.00083,2021-03-13T10:33:55Z
21.00256,2021-03-13T10:34:15Z
17.00083,2021-03-13T10:34:55Z
19.99996,2021-03-13T10:35:25Z
17.00083,2021-03-13T10:36:16Z
18.00343,2021-03-13T10:36:46Z
21.00256,2021-03-13T10:37:16Z
17.00083,2021-03-13T10:37:56Z
19.99996,2021-03-13T10:38:47Z
21.00256,2021-03-13T10:38:57Z
17.00083,2021-03-13T10:39:27Z
18.00343,2021-03-13T10:40:17Z
19.0017,2021-03-13T10:40:47Z
17.00083,2021-03-13T10:40:57Z
16.00257,2021-03-13T10:41:28Z
19.0017,2021-03-13T10:42:18Z
17.00083,2021-03-13T10:42:28Z
19.0017,2021-03-13T10:43:38Z
18.00343,2021-03-13T10:43:48Z
16.00257,2021-03-13T10:44:09Z
18.00343,2021-03-13T10:44:49Z
17.00083,2021-03-13T10:45:39Z
16.00257,2021-03-13T10:46:09Z
17.00083,2021-03-13T10:46:29Z
16.00257,2021-03-13T10:47:10Z
17.00083,2021-03-13T10:48:00Z
16.00257,2021-03-13T10:48:50Z
17.00083,2021-03-13T10:49:20Z
16.00257,2021-03-13T10:50:01Z
17.00083,2021-03-13T10:51:01Z
16.00257,2021-03-13T10:51:41Z
14.00171,2021-03-13T10:53:22Z
16.00257,2021-03-13T10:53:52Z
17.00083,2021-03-13T10:55:13Z
14.99997,2021-03-13T10:55:53Z
16.00257,2021-03-13T10:56:03Z
12.00084,2021-03-13T10:56:43Z
14.99997,2021-03-13T10:57:13Z
16.00257,2021-03-13T10:57:23Z
14.99997,2021-03-13T10:58:14Z
16.00257,2021-03-13T10:58:44Z
14.99997,2021-03-13T10:59:04Z
12.9991,2021-03-13T10:59:44Z
16.00257,2021-03-13T11:00:15Z
17.00083,2021-03-13T11:00:55Z
16.00257,2021-03-13T11:01:35Z
18.00343,2021-03-13T11:01:55Z
17.00083,2021-03-13T11:02:25Z
18.00343,2021-03-13T11:02:45Z
16.00257,2021-03-13T11:03:16Z
17.00083,2021-03-13T11:03:46Z
16.00257,2021-03-13T11:04:16Z
14.99997,2021-03-13T11:04:26Z
17.00083,2021-03-13T11:05:37Z
14.99997,2021-03-13T11:05:47Z
14.99997,2021-03-13T11:06:57Z
16.00257,2021-03-13T11:07:07Z
17.00083,2021-03-13T11:07:47Z
16.00257,2021-03-13T11:07:57Z
14.00171,2021-03-13T11:08:28Z
18.00343,2021-03-13T11:08:58Z
14.99997,2021-03-13T11:09:48Z
17.00083,2021-03-13T11:10:08Z
14.99997,2021-03-13T11:11:09Z
16.00257,2021-03-13T11:11:29Z
18.00343,2021-03-13T11:11:39Z
14.00171,2021-03-13T11:12:39Z
12.9991,2021-03-13T11:12:49Z
16.00257,2021-03-13T11:12:59Z
14.99997,2021-03-13T11:13:40Z
16.00257,2021-03-13T11:14:20Z
18.00343,2021-03-13T11:14:40Z
16.00257,2021-03-13T11:15:20Z
17.00083,2021-03-13T11:15:40Z
19.0017,2021-03-13T11:16:00Z
14.99997,2021-03-13T11:16:51Z
17.00083,2021-03-13T11:17:21Z
18.00343,2021-03-13T11:17:51Z
14.99997,2021-03-13T11:18:01Z
18.00343,2021-03-13T11:18:41Z
14.99997,2021-03-13T11:19:22Z
17.00083,2021-03-13T11:20:02Z
14.99997,2021-03-13T11:20:52Z
17.00083,2021-03-13T11:21:22Z
14.99997,2021-03-13T11:22:03Z
16.00257,2021-03-13T11:22:23Z
14.99997,2021-03-13T11:23:23Z
17.00083,2021-03-13T11:24:24Z
14.99997,2021-03-13T11:25:04Z
12.9991,2021-03-13T11:26:04Z
12.00084,2021-03-13T11:26:14Z
16.00257,2021-03-13T11:26:54Z
14.00171,2021-03-13T11:27:05Z
12.9991,2021-03-13T11:27:35Z
16.00257,2021-03-13T11:28:15Z
14.99997,2021-03-13T11:28:25Z
14.00171,2021-03-13T11:28:45Z
14.99997,2021-03-13T11:29:05Z
14.00171,2021-03-13T11:30:16Z
16.00257,2021-03-13T11:31:26Z
14.99997,2021-03-13T11:32:16Z
14.00171,2021-03-13T11:33:47Z
16.00257,2021-03-13T11:34:17Z
14.99997,2021-03-13T11:34:37Z
12.9991,2021-03-13T11:35:08Z
14.99997,2021-03-13T11:35:48Z
12.9991,2021-03-13T11:36:28Z
16.00257,2021-03-13T11:37:08Z
12.00084,2021-03-13T11:37:28Z
16.00257,2021-03-13T11:38:29Z
14.99997,2021-03-13T11:38:59Z
16.00257,2021-03-13T11:39:49Z
14.99997,2021-03-13T11:39:59Z
12.9991,2021-03-13T11:40:19Z
16.00257,2021-03-13T11:40:40Z
14.99997,2021-03-13T11:41:10Z
12.00084,2021-03-13T11:41:40Z
14.99997,2021-03-13T11:42:00Z
12.00084,2021-03-13T11:42:40Z
16.00257,2021-03-13T11:43:31Z
12.9991,2021-03-13T11:44:21Z
14.99997,2021-03-13T11:45:11Z
12.00084,2021-03-13T11:45:31Z
12.9991,2021-03-13T11:46:52Z
14.00171,2021-03-13T11:47:22Z
12.00084,2021-03-13T11:47:42Z
14.99997,2021-03-13T11:48:12Z
12.9991,2021-03-13T11:48:22Z
12.00084,2021-03-13T11:48:53Z
12.9991,2021-03-13T11:51:24Z
14.99997,2021-03-13T11:52:04Z
12.9991,2021-03-13T11:52:14Z
12.9991,2021-03-13T11:52:54Z
14.99997,2021-03-13T11:53:34Z
12.9991,2021-03-13T11:54:15Z
12.00084,2021-03-13T11:55:05Z
11.00258,2021-03-13T11:56:46Z
12.00084,2021-03-13T11:57:06Z
12.9991,2021-03-13T11:59:47Z
12.00084,2021-03-13T11:59:57Z
12.9991,2021-03-13T12:00:57Z
12.00084,2021-03-13T12:01:17Z
11.00258,2021-03-13T12:01:37Z
12.00084,2021-03-13T12:02:08Z
11.00258,2021-03-13T12:02:28Z
12.00084,2021-03-13T12:02:58Z
11.00258,2021-03-13T12:03:48Z
12.00084,2021-03-13T12:04:18Z
11.00258,2021-03-13T12:04:39Z
12.00084,2021-03-13T12:05:19Z
12.9991,2021-03-13T12:06:29Z
12.00084,2021-03-13T12:06:49Z
12.9991,2021-03-13T12:07:20Z
12.00084,2021-03-13T12:07:50Z
14.99997,2021-03-13T12:08:00Z
12.00084,2021-03-13T12:08:50Z
11.00258,2021-03-13T12:09:40Z
12.00084,2021-03-13T12:10:21Z
11.00258,2021-03-13T12:10:51Z
12.9991,2021-03-13T12:11:41Z
12.00084,2021-03-13T12:12:21Z
12.9991,2021-03-13T12:13:42Z
14.00171,2021-03-13T12:14:02Z
12.00084,2021-03-13T12:14:32Z
14.00171,2021-03-13T12:15:23Z
12.9991,2021-03-13T12:15:33Z
14.00171,2021-03-13T12:15:53Z
12.9991,2021-03-13T12:16:23Z
12.00084,2021-03-13T12:16:53Z
12.9991,2021-03-13T12:20:35Z
12.00084,2021-03-13T12:21:15Z
12.00084,2021-03-13T12:21:45Z
12.9991,2021-03-13T12:23:16Z
16.00257,2021-03-13T12:24:06Z
14.99997,2021-03-13T12:24:46Z
16.00257,2021-03-13T12:25:26Z
12.9991,2021-03-13T12:26:07Z
14.99997,2021-03-13T12:26:47Z
12.9991,2021-03-13T12:26:57Z
14.00171,2021-03-13T12:27:27Z
12.9991,2021-03-13T12:27:57Z
14.99997,2021-03-13T12:28:17Z
14.99997,2021-03-13T12:28:58Z
14.00171,2021-03-13T12:29:28Z
12.9991,2021-03-13T12:30:08Z
14.99997,2021-03-13T12:30:18Z
14.00171,2021-03-13T12:31:39Z
14.99997,2021-03-13T12:31:49Z
12.9991,2021-03-13T12:31:59Z
14.00171,2021-03-13T12:32:09Z
12.9991,2021-03-13T12:32:39Z
12.00084,2021-03-13T12:33:49Z
12.9991,2021-03-13T12:34:50Z
12.00084,2021-03-13T12:35:20Z
11.00258,2021-03-13T12:38:31Z
9.999978,2021-03-13T12:38:51Z
11.00258,2021-03-13T12:41:42Z
9.999978,2021-03-13T12:43:43Z
12.00084,2021-03-13T12:44:44Z
9.999978,2021-03-13T12:45:04Z
11.00258,2021-03-13T12:45:14Z
11.00258,2021-03-13T12:45:44Z
9.999978,2021-03-13T12:46:34Z
11.00258,2021-03-13T12:47:45Z
9.999978,2021-03-13T12:48:05Z
11.00258,2021-03-13T12:48:35Z
9.999978,2021-03-13T12:48:55Z
12.00084,2021-03-13T12:49:35Z
11.00258,2021-03-13T12:49:55Z
9.999978,2021-03-13T12:51:26Z
11.00258,2021-03-13T12:52:06Z
12.00084,2021-03-13T12:52:16Z
11.00258,2021-03-13T12:52:26Z
12.00084,2021-03-13T12:53:17Z
11.00258,2021-03-13T12:53:47Z
12.00084,2021-03-13T12:53:57Z
12.00084,2021-03-13T12:54:47Z
11.00258,2021-03-13T12:55:38Z
12.00084,2021-03-13T12:56:08Z
11.00258,2021-03-13T12:57:28Z
12.00084,2021-03-13T12:58:39Z
11.00258,2021-03-13T12:58:59Z
12.00084,2021-03-13T12:59:09Z
11.00258,2021-03-13T13:02:20Z
12.00084,2021-03-13T13:03:00Z
11.00258,2021-03-13T13:03:31Z
12.00084,2021-03-13T13:03:41Z
11.00258,2021-03-13T13:05:11Z
12.9991,2021-03-13T13:06:22Z
12.00084,2021-03-13T13:06:32Z
14.00171,2021-03-13T13:07:22Z
12.9991,2021-03-13T13:07:32Z
12.00084,2021-03-13T13:08:42Z
14.99997,2021-03-13T13:09:03Z
12.9991,2021-03-13T13:10:13Z
12.00084,2021-03-13T13:10:23Z
12.9991,2021-03-13T13:11:03Z
12.00084,2021-03-13T13:11:34Z
11.00258,2021-03-13T13:13:44Z
12.00084,2021-03-13T13:14:04Z
11.00258,2021-03-13T13:16:35Z
12.00084,2021-03-13T13:17:06Z
12.9991,2021-03-13T13:19:37Z
12.00084,2021-03-13T13:20:17Z
12.9991,2021-03-13T13:21:07Z
12.00084,2021-03-13T13:21:17Z
11.00258,2021-03-13T13:22:38Z
12.00084,2021-03-13T13:23:28Z
11.00258,2021-03-13T13:23:38Z
12.00084,2021-03-13T13:23:58Z
11.00258,2021-03-13T13:24:18Z
12.00084,2021-03-13T13:24:59Z
11.00258,2021-03-13T13:25:29Z
12.00084,2021-03-13T13:25:49Z
14.00171,2021-03-13T13:27:50Z
12.00084,2021-03-13T13:28:00Z
12.9991,2021-03-13T13:28:30Z
12.00084,2021-03-13T13:29:10Z
12.9991,2021-03-13T13:29:30Z
12.00084,2021-03-13T13:29:40Z
11.00258,2021-03-13T13:31:51Z
12.00084,2021-03-13T13:32:31Z
12.9991,2021-03-13T13:35:22Z
12.00084,2021-03-13T13:35:43Z
11.00258,2021-03-13T13:41:25Z
12.00084,2021-03-13T13:42:45Z
12.9991,2021-03-13T13:43:36Z
14.00171,2021-03-13T13:44:26Z
11.00258,2021-03-13T13:45:16Z
12.00084,2021-03-13T13:46:07Z
12.9991,2021-03-13T13:46:47Z
12.00084,2021-03-13T13:47:17Z
12.9991,2021-03-13T13:48:07Z
12.00084,2021-03-13T13:48:37Z
12.9991,2021-03-13T13:48:58Z
12.00084,2021-03-13T13:50:28Z
12.9991,2021-03-13T13:51:08Z
12.00084,2021-03-13T13:51:19Z
12.9991,2021-03-13T13:51:39Z
12.9991,2021-03-13T13:52:29Z
14.00171,2021-03-13T13:52:59Z
12.9991,2021-03-13T13:53:39Z
12.00084,2021-03-13T13:54:10Z
12.9991,2021-03-13T13:54:30Z
12.00084,2021-03-13T13:55:40Z
14.00171,2021-03-13T13:56:00Z
12.00084,2021-03-13T13:56:41Z
11.00258,2021-03-13T13:57:31Z
9.999978,2021-03-13T13:58:11Z
11.00258,2021-03-13T13:58:41Z
9.999978,2021-03-13T13:58:51Z
11.00258,2021-03-13T13:59:42Z
9.999978,2021-03-13T14:00:22Z
11.00258,2021-03-13T14:01:12Z
9.999978,2021-03-13T14:01:53Z
11.00258,2021-03-13T14:02:43Z
12.00084,2021-03-13T14:04:13Z
12.9991,2021-03-13T14:04:24Z
12.00084,2021-03-13T14:05:04Z
11.00258,2021-03-13T14:07:15Z
12.00084,2021-03-13T14:08:35Z
12.9991,2021-03-13T14:08:45Z
12.9991,2021-03-13T14:09:45Z
12.00084,2021-03-13T14:09:56Z
11.00258,2021-03-13T14:10:56Z
12.00084,2021-03-13T14:11:06Z
12.9991,2021-03-13T14:11:26Z
14.99997,2021-03-13T14:12:27Z
12.9991,2021-03-13T14:12:57Z
14.00171,2021-03-13T14:13:47Z
12.9991,2021-03-13T14:14:07Z
12.00084,2021-03-13T14:14:27Z
14.00171,2021-03-13T14:15:08Z
12.00084,2021-03-13T14:15:28Z
14.00171,2021-03-13T14:16:08Z
12.00084,2021-03-13T14:16:18Z
11.00258,2021-03-13T14:17:38Z
12.00084,2021-03-13T14:17:48Z
11.00258,2021-03-13T14:20:19Z
12.00084,2021-03-13T14:20:40Z
12.9991,2021-03-13T14:21:30Z
11.00258,2021-03-13T14:22:00Z
12.00084,2021-03-13T14:22:10Z
12.9991,2021-03-13T14:23:21Z
12.00084,2021-03-13T14:23:51Z
11.00258,2021-03-13T14:26:12Z
12.9991,2021-03-13T14:26:32Z
14.00171,2021-03-13T14:27:22Z
12.9991,2021-03-13T14:27:52Z
14.99997,2021-03-13T14:28:43Z
14.00171,2021-03-13T14:29:23Z
14.99997,2021-03-13T14:30:03Z
12.00084,2021-03-13T14:30:53Z
12.9991,2021-03-13T14:31:03Z
12.00084,2021-03-13T14:31:44Z
12.9991,2021-03-13T14:32:44Z
12.00084,2021-03-13T14:32:54Z
12.9991,2021-03-13T14:34:05Z
12.00084,2021-03-13T14:34:15Z
12.9991,2021-03-13T14:34:25Z
16.00257,2021-03-13T14:35:35Z
14.00171,2021-03-13T14:36:05Z
12.9991,2021-03-13T14:36:15Z
16.00257,2021-03-13T14:37:06Z
14.00171,2021-03-13T14:37:26Z
16.00257,2021-03-13T14:37:56Z
12.9991,2021-03-13T14:38:16Z
14.99997,2021-03-13T14:38:36Z
12.9991,2021-03-13T14:40:17Z
14.99997,2021-03-13T14:40:47Z
14.00171,2021-03-13T14:41:37Z
14.99997,2021-03-13T14:42:08Z
12.9991,2021-03-13T14:42:28Z
14.99997,2021-03-13T14:42:58Z
12.9991,2021-03-13T14:43:18Z
14.99997,2021-03-13T14:43:48Z
12.00084,2021-03-13T14:44:08Z
12.9991,2021-03-13T14:44:49Z
12.00084,2021-03-13T14:44:59Z
12.00084,2021-03-13T14:45:39Z
12.9991,2021-03-13T14:46:39Z
12.00084,2021-03-13T14:46:59Z
12.9991,2021-03-13T14:47:09Z
14.00171,2021-03-13T14:47:40Z
12.9991,2021-03-13T14:47:50Z
12.9991,2021-03-13T14:48:20Z
14.00171,2021-03-13T14:49:00Z
14.99997,2021-03-13T14:49:10Z
12.9991,2021-03-13T14:51:11Z
12.00084,2021-03-13T14:51:31Z
12.9991,2021-03-13T14:53:22Z
14.00171,2021-03-13T14:54:42Z
11.00258,2021-03-13T14:55:42Z
12.00084,2021-03-13T14:56:43Z
11.00258,2021-03-13T14:57:03Z
12.9991,2021-03-13T14:58:34Z
12.00084,2021-03-13T14:58:54Z
12.9991,2021-03-13T14:59:34Z
12.00084,2021-03-13T14:59:54Z
12.9991,2021-03-13T15:00:34Z
12.00084,2021-03-13T15:00:54Z
12.9991,2021-03-13T15:01:45Z
12.00084,2021-03-13T15:02:15Z
12.00084,2021-03-13T15:03:05Z
14.00171,2021-03-13T15:03:15Z
12.00084,2021-03-13T15:03:45Z
12.9991,2021-03-13T15:05:06Z
14.00171,2021-03-13T15:05:36Z
12.9991,2021-03-13T15:06:27Z
14.99997,2021-03-13T15:07:07Z
12.9991,2021-03-13T15:07:17Z
14.99997,2021-03-13T15:07:37Z
16.00257,2021-03-13T15:09:08Z
14.00171,2021-03-13T15:09:38Z
14.99997,2021-03-13T15:09:58Z
14.00171,2021-03-13T15:14:50Z
12.00084,2021-03-13T15:15:40Z
12.9991,2021-03-13T15:16:10Z
12.00084,2021-03-13T15:17:00Z
12.9991,2021-03-13T15:17:21Z
12.00084,2021-03-13T15:17:41Z
12.9991,2021-03-13T15:19:11Z
14.99997,2021-03-13T15:20:42Z
14.00171,2021-03-13T15:21:12Z
12.00084,2021-03-13T15:22:02Z
12.9991,2021-03-13T15:23:33Z
14.00171,2021-03-13T15:25:34Z
14.99997,2021-03-13T15:25:54Z
14.00171,2021-03-13T15:26:24Z
12.9991,2021-03-13T15:26:34Z
14.99997,2021-03-13T15:26:54Z
16.00257,2021-03-13T15:27:55Z
14.99997,2021-03-13T15:28:05Z
14.99997,2021-03-13T15:28:45Z
14.00171,2021-03-13T15:29:15Z
14.99997,2021-03-13T15:29:25Z
14.99997,2021-03-13T15:30:25Z
12.00084,2021-03-13T15:30:36Z
12.9991,2021-03-13T15:30:46Z
12.9991,2021-03-13T15:31:56Z
12.00084,2021-03-13T15:32:06Z
12.9991,2021-03-13T15:32:36Z
12.00084,2021-03-13T15:33:06Z
12.9991,2021-03-13T15:33:37Z
14.00171,2021-03-13T15:33:57Z
12.00084,2021-03-13T15:34:07Z
12.9991,2021-03-13T15:34:57Z
14.99997,2021-03-13T15:35:17Z
12.9991,2021-03-13T15:35:37Z
12.00084,2021-03-13T15:36:58Z
12.9991,2021-03-13T15:38:08Z
12.00084,2021-03-13T15:38:18Z
12.00084,2021-03-13T15:39:09Z
14.99997,2021-03-13T15:39:59Z
14.00171,2021-03-13T15:40:09Z
14.99997,2021-03-13T15:40:49Z
14.00171,2021-03-13T15:42:30Z
14.99997,2021-03-13T15:43:10Z
14.00171,2021-03-13T15:43:40Z
14.99997,2021-03-13T15:44:31Z
12.9991,2021-03-13T15:45:01Z
14.99997,2021-03-13T15:45:21Z
16.00257,2021-03-13T15:47:02Z
14.99997,2021-03-13T15:47:22Z
16.00257,2021-03-13T15:50:03Z
17.00083,2021-03-13T15:50:43Z
14.99997,2021-03-13T15:51:43Z
14.00171,2021-03-13T15:53:04Z
14.99997,2021-03-13T15:53:14Z
14.00171,2021-03-13T15:53:54Z
12.9991,2021-03-13T15:54:24Z
14.00171,2021-03-13T15:54:34Z
14.99997,2021-03-13T15:55:05Z
14.00171,2021-03-13T15:56:45Z
14.99997,2021-03-13T15:57:36Z
14.00171,2021-03-13T15:59:06Z
14.99997,2021-03-13T15:59:26Z
12.9991,2021-03-13T15:59:46Z
14.99997,2021-03-13T16:00:27Z
16.00257,2021-03-13T16:00:57Z
14.99997,2021-03-13T16:01:17Z
16.00257,2021-03-13T16:07:29Z
14.99997,2021-03-13T16:07:39Z
14.00171,2021-03-13T16:08:10Z
14.99997,2021-03-13T16:08:30Z
16.00257,2021-03-13T16:09:40Z
17.00083,2021-03-13T16:10:00Z
17.00083,2021-03-13T16:10:40Z
16.00257,2021-03-13T16:11:41Z
17.00083,2021-03-13T16:12:01Z
16.00257,2021-03-13T16:12:31Z
17.00083,2021-03-13T16:14:32Z
16.00257,2021-03-13T16:14:42Z
17.00083,2021-03-13T16:16:53Z
16.00257,2021-03-13T16:17:03Z
17.00083,2021-03-13T16:17:33Z
16.00257,2021-03-13T16:18:54Z
17.00083,2021-03-13T16:19:04Z
16.00257,2021-03-13T16:19:34Z
17.00083,2021-03-13T16:20:24Z
16.00257,2021-03-13T16:20:54Z
17.00083,2021-03-13T16:21:45Z
16.00257,2021-03-13T16:21:55Z
17.00083,2021-03-13T16:22:25Z
18.00343,2021-03-13T16:22:45Z
16.00257,2021-03-13T16:23:25Z
17.00083,2021-03-13T16:24:05Z
16.00257,2021-03-13T16:25:06Z
17.00083,2021-03-13T16:26:06Z
16.00257,2021-03-13T16:26:16Z
17.00083,2021-03-13T16:27:07Z
16.00257,2021-03-13T16:27:17Z
17.00083,2021-03-13T16:27:57Z
18.00343,2021-03-13T16:28:37Z
17.00083,2021-03-13T16:28:47Z
18.00343,2021-03-13T16:29:27Z
17.00083,2021-03-13T16:29:38Z
16.00257,2021-03-13T16:33:39Z
14.99997,2021-03-13T16:34:39Z
16.00257,2021-03-13T16:34:49Z
14.99997,2021-03-13T16:35:40Z
16.00257,2021-03-13T16:36:30Z
14.99997,2021-03-13T16:36:40Z
16.00257,2021-03-13T16:37:41Z
14.99997,2021-03-13T16:37:51Z
16.00257,2021-03-13T16:38:21Z
14.99997,2021-03-13T16:38:51Z
14.99997,2021-03-13T16:39:21Z
16.00257,2021-03-13T16:40:01Z
14.99997,2021-03-13T16:40:42Z
16.00257,2021-03-13T16:40:52Z
14.99997,2021-03-13T16:41:12Z
16.00257,2021-03-13T16:41:22Z
14.99997,2021-03-13T16:44:43Z
16.00257,2021-03-13T16:46:24Z
17.00083,2021-03-13T16:47:14Z
16.00257,2021-03-13T16:47:54Z
17.00083,2021-03-13T16:48:35Z
16.00257,2021-03-13T16:51:46Z
17.00083,2021-03-13T16:51:56Z
16.00257,2021-03-13T16:52:16Z
17.00083,2021-03-13T16:52:56Z
16.00257,2021-03-13T16:53:06Z
16.00257,2021-03-13T16:53:47Z
17.00083,2021-03-13T16:54:47Z
16.00257,2021-03-13T16:56:48Z
17.00083,2021-03-13T16:57:18Z
16.00257,2021-03-13T16:57:28Z
17.00083,2021-03-13T16:57:48Z
16.00257,2021-03-13T16:58:48Z
17.00083,2021-03-13T16:58:58Z
16.00257,2021-03-13T16:59:09Z
17.00083,2021-03-13T17:00:49Z
16.00257,2021-03-13T17:02:40Z
17.00083,2021-03-13T17:02:50Z
16.00257,2021-03-13T17:04:10Z
17.00083,2021-03-13T17:04:31Z
16.00257,2021-03-13T17:04:51Z
17.00083,2021-03-13T17:07:01Z
16.00257,2021-03-13T17:07:32Z
17.00083,2021-03-13T17:09:12Z
14.99997,2021-03-13T17:09:42Z
16.00257,2021-03-13T17:09:53Z
14.99997,2021-03-13T17:13:44Z
16.00257,2021-03-13T17:13:54Z
14.99997,2021-03-13T17:14:44Z
16.00257,2021-03-13T17:16:05Z
14.99997,2021-03-13T17:16:35Z
16.00257,2021-03-13T17:17:15Z
14.99997,2021-03-13T17:17:35Z
16.00257,2021-03-13T17:18:26Z
14.99997,2021-03-13T17:20:06Z
16.00257,2021-03-13T17:20:57Z
16.00257,2021-03-13T17:21:17Z
14.99997,2021-03-13T17:23:18Z
17.00083,2021-03-13T17:23:48Z
16.00257,2021-03-13T17:24:58Z
17.00083,2021-03-13T17:25:28Z
16.00257,2021-03-13T17:26:09Z
17.00083,2021-03-13T17:26:39Z
16.00257,2021-03-13T17:27:59Z
17.00083,2021-03-13T17:28:30Z
16.00257,2021-03-13T17:28:50Z
17.00083,2021-03-13T17:29:10Z
17.00083,2021-03-13T17:29:40Z
16.00257,2021-03-13T17:31:11Z
17.00083,2021-03-13T17:31:31Z
18.00343,2021-03-13T17:33:01Z
17.00083,2021-03-13T17:33:11Z
16.00257,2021-03-13T17:35:02Z
14.99997,2021-03-13T17:35:32Z
16.00257,2021-03-13T17:35:42Z
17.00083,2021-03-13T17:37:03Z
16.00257,2021-03-13T17:37:13Z
17.00083,2021-03-13T17:38:03Z
16.00257,2021-03-13T17:39:14Z
17.00083,2021-03-13T17:40:04Z
16.00257,2021-03-13T17:40:14Z
14.99997,2021-03-13T17:45:06Z
16.00257,2021-03-13T17:45:16Z
17.00083,2021-03-13T17:45:56Z
16.00257,2021-03-13T17:46:36Z
17.00083,2021-03-13T17:46:56Z
16.00257,2021-03-13T17:47:37Z
17.00083,2021-03-13T17:48:07Z
16.00257,2021-03-13T17:48:17Z
17.00083,2021-03-13T17:48:47Z
16.00257,2021-03-13T17:53:19Z
17.00083,2021-03-13T17:53:29Z
16.00257,2021-03-13T17:55:09Z
17.00083,2021-03-13T17:55:40Z
16.00257,2021-03-13T17:56:30Z
17.00083,2021-03-13T17:56:40Z
16.00257,2021-03-13T17:58:41Z
17.00083,2021-03-13T18:00:11Z
16.00257,2021-03-13T18:01:22Z
17.00083,2021-03-13T18:01:42Z
16.00257,2021-03-13T18:02:52Z
14.99997,2021-03-13T18:04:13Z
16.00257,2021-03-13T18:05:13Z
14.99997,2021-03-13T18:07:24Z
16.00257,2021-03-13T18:07:44Z
14.99997,2021-03-13T18:08:34Z
16.00257,2021-03-13T18:08:55Z
14.99997,2021-03-13T18:10:55Z
16.00257,2021-03-13T18:11:05Z
14.99997,2021-03-13T18:12:36Z
14.00171,2021-03-13T18:14:06Z
14.99997,2021-03-13T18:14:27Z
16.00257,2021-03-13T18:16:47Z
14.99997,2021-03-13T18:17:08Z
14.00171,2021-03-13T18:17:48Z
14.99997,2021-03-13T18:18:08Z
14.00171,2021-03-13T18:18:58Z
12.9991,2021-03-13T18:19:18Z
14.99997,2021-03-13T18:20:09Z
14.00171,2021-03-13T18:20:39Z
16.00257,2021-03-13T18:21:29Z
14.99997,2021-03-13T18:21:39Z
14.00171,2021-03-13T18:21:59Z
12.9991,2021-03-13T18:22:20Z
14.99997,2021-03-13T18:23:10Z
12.9991,2021-03-13T18:23:40Z
14.99997,2021-03-13T18:24:00Z
12.9991,2021-03-13T18:24:10Z
16.00257,2021-03-13T18:24:50Z
18.00343,2021-03-13T18:26:01Z
17.00083,2021-03-13T18:26:31Z
19.0017,2021-03-13T18:27:11Z
19.99996,2021-03-13T18:27:42Z
21.00256,2021-03-13T18:29:12Z
23.00342,2021-03-13T18:31:13Z
22.00082,2021-03-13T18:31:23Z
23.00342,2021-03-13T18:32:13Z
22.00082,2021-03-13T18:32:23Z
25.00429,2021-03-13T18:32:53Z
23.00342,2021-03-13T18:33:34Z
25.00429,2021-03-13T18:34:44Z
26.00255,2021-03-13T18:35:04Z
29.00167,2021-03-13T18:35:55Z
27.00081,2021-03-13T18:36:15Z
28.00341,2021-03-13T18:36:45Z
27.00081,2021-03-13T18:37:05Z
28.00341,2021-03-13T18:37:35Z
27.00081,2021-03-13T18:37:55Z
28.00341,2021-03-13T18:38:26Z
27.00081,2021-03-13T18:38:46Z
26.00255,2021-03-13T18:39:36Z
23.00342,2021-03-13T18:40:36Z
25.00429,2021-03-13T18:40:46Z
26.00255,2021-03-13T18:42:07Z
21.00256,2021-03-13T18:42:47Z
25.00429,2021-03-13T18:43:27Z
26.00255,2021-03-13T18:44:18Z
25.00429,2021-03-13T18:44:28Z
23.00342,2021-03-13T18:46:08Z
21.00256,2021-03-13T18:46:39Z
22.00082,2021-03-13T18:47:09Z
21.00256,2021-03-13T18:48:09Z
22.00082,2021-03-13T18:48:29Z
19.99996,2021-03-13T18:49:10Z
23.00342,2021-03-13T18:49:40Z
21.00256,2021-03-13T18:50:20Z
22.00082,2021-03-13T18:51:00Z
18.00343,2021-03-13T18:51:51Z
21.00256,2021-03-13T18:52:01Z
22.00082,2021-03-13T18:52:31Z
19.99996,2021-03-13T18:53:31Z
18.00343,2021-03-13T18:53:41Z
23.00342,2021-03-13T18:54:22Z
22.00082,2021-03-13T18:54:32Z
19.99996,2021-03-13T18:55:12Z
18.00343,2021-03-13T18:55:42Z
22.00082,2021-03-13T18:56:22Z
23.00342,2021-03-13T18:56:32Z
24.00168,2021-03-13T18:56:42Z
19.99996,2021-03-13T18:57:23Z
21.00256,2021-03-13T18:57:53Z
24.00168,2021-03-13T18:58:03Z
19.99996,2021-03-13T18:58:53Z
21.00256,2021-03-13T18:59:23Z
19.99996,2021-03-13T18:59:33Z
24.00168,2021-03-13T19:00:14Z
23.00342,2021-03-13T19:00:24Z
19.99996,2021-03-13T19:00:54Z
24.00168,2021-03-13T19:01:34Z
23.00342,2021-03-13T19:01:54Z
25.00429,2021-03-13T19:02:14Z
19.99996,2021-03-13T19:02:35Z
23.00342,2021-03-13T19:03:25Z
21.00256,2021-03-13T19:03:55Z
19.99996,2021-03-13T19:04:15Z
21.00256,2021-03-13T19:04:55Z
23.00342,2021-03-13T19:05:06Z
19.99996,2021-03-13T19:06:06Z
21.00256,2021-03-13T19:06:46Z
23.00342,2021-03-13T19:07:26Z
19.99996,2021-03-13T19:07:57Z
19.0017,2021-03-13T19:08:07Z
23.00342,2021-03-13T19:08:57Z
21.00256,2021-03-13T19:09:27Z
22.00082,2021-03-13T19:09:37Z
19.0017,2021-03-13T19:10:28Z
21.00256,2021-03-13T19:10:48Z
19.99996,2021-03-13T19:11:38Z
19.0017,2021-03-13T19:11:58Z
21.00256,2021-03-13T19:12:58Z
22.00082,2021-03-13T19:13:19Z
19.99996,2021-03-13T19:13:49Z
19.0017,2021-03-13T19:14:29Z
21.00256,2021-03-13T19:14:39Z
22.00082,2021-03-13T19:15:29Z
19.99996,2021-03-13T19:15:39Z
22.00082,2021-03-13T19:16:30Z
21.00256,2021-03-13T19:17:10Z
19.99996,2021-03-13T19:17:30Z
21.00256,2021-03-13T19:18:00Z
23.00342,2021-03-13T19:18:20Z
24.00168,2021-03-13T19:18:41Z
22.00082,2021-03-13T19:18:51Z
21.00256,2021-03-13T19:19:41Z
25.00429,2021-03-13T19:20:51Z
21.00256,2021-03-13T19:21:01Z
23.00342,2021-03-13T19:21:32Z
22.00082,2021-03-13T19:22:02Z
23.00342,2021-03-13T19:22:22Z
22.00082,2021-03-13T19:22:42Z
21.00256,2021-03-13T19:23:12Z
22.00082,2021-03-13T19:24:13Z
23.00342,2021-03-13T19:24:33Z
21.00256,2021-03-13T19:25:03Z
22.00082,2021-03-13T19:25:33Z
19.99996,2021-03-13T19:25:43Z
21.00256,2021-03-13T19:26:23Z
22.00082,2021-03-13T19:27:34Z
21.00256,2021-03-13T19:28:14Z
24.00168,2021-03-13T19:28:54Z
21.00256,2021-03-13T19:29:35Z
22.00082,2021-03-13T19:29:45Z
23.00342,2021-03-13T19:30:25Z
22.00082,2021-03-13T19:31:25Z
25.00429,2021-03-13T19:32:06Z
22.00082,2021-03-13T19:33:16Z
24.00168,2021-03-13T19:34:06Z
22.00082,2021-03-13T19:34:57Z
23.00342,2021-03-13T19:35:17Z
25.00429,2021-03-13T19:35:37Z
26.00255,2021-03-13T19:35:57Z
23.00342,2021-03-13T19:36:47Z
25.00429,2021-03-13T19:37:38Z
22.00082,2021-03-13T19:38:18Z
24.00168,2021-03-13T19:39:08Z
23.00342,2021-03-13T19:39:48Z
22.00082,2021-03-13T19:40:29Z
24.00168,2021-03-13T19:41:09Z
21.00256,2021-03-13T19:41:49Z
21.00256,2021-03-13T19:42:19Z
22.00082,2021-03-13T19:42:39Z
24.00168,2021-03-13T19:42:50Z
21.00256,2021-03-13T19:43:00Z
24.00168,2021-03-13T19:44:30Z
19.99996,2021-03-13T19:45:20Z
21.00256,2021-03-13T19:45:41Z
23.00342,2021-03-13T19:46:11Z
19.99996,2021-03-13T19:47:11Z
22.00082,2021-03-13T19:47:41Z
23.00342,2021-03-13T19:48:22Z
19.0017,2021-03-13T19:48:52Z
21.00256,2021-03-13T19:49:22Z
22.00082,2021-03-13T19:49:52Z
19.0017,2021-03-13T19:50:32Z
19.99996,2021-03-13T19:51:13Z
22.00082,2021-03-13T19:51:23Z
19.0017,2021-03-13T19:52:13Z
19.99996,2021-03-13T19:52:23Z
21.00256,2021-03-13T19:52:43Z
22.00082,2021-03-13T19:53:23Z
19.99996,2021-03-13T19:53:54Z
21.00256,2021-03-13T19:54:34Z
22.00082,2021-03-13T19:54:44Z
21.00256,2021-03-13T19:55:14Z
19.99996,2021-03-13T19:55:54Z
22.00082,2021-03-13T19:56:45Z
21.00256,2021-03-13T19:56:55Z
19.99996,2021-03-13T19:57:25Z
22.00082,2021-03-13T19:57:45Z
22.00082,2021-03-13T19:58:15Z
21.00256,2021-03-13T19:58:35Z
19.99996,2021-03-13T20:00:06Z
21.00256,2021-03-13T20:00:36Z
22.00082,2021-03-13T20:01:26Z
19.99996,2021-03-13T20:01:37Z
23.00342,2021-03-13T20:02:27Z
21.00256,2021-03-13T20:02:57Z
23.00342,2021-03-13T20:03:57Z
22.00082,2021-03-13T20:04:18Z
19.99996,2021-03-13T20:04:38Z
22.00082,2021-03-13T20:05:28Z
19.99996,2021-03-13T20:06:28Z
19.0017,2021-03-13T20:06:38Z
19.99996,2021-03-13T20:06:59Z
22.00082,2021-03-13T20:07:19Z
17.00083,2021-03-13T20:08:09Z
21.00256,2021-03-13T20:08:59Z
18.00343,2021-03-13T20:09:40Z
19.99996,2021-03-13T20:10:40Z
21.00256,2021-03-13T20:11:00Z
19.99996,2021-03-13T20:11:20Z
17.00083,2021-03-13T20:11:30Z
22.00082,2021-03-13T20:12:31Z
21.00256,2021-03-13T20:12:51Z
19.99996,2021-03-13T20:13:21Z
23.00342,2021-03-13T20:14:11Z
22.00082,2021-03-13T20:14:31Z
21.00256,2021-03-13T20:14:41Z
21.00256,2021-03-13T20:15:32Z
19.0017,2021-03-13T20:16:02Z
22.00082,2021-03-13T20:16:42Z
21.00256,2021-03-13T20:17:02Z
19.99996,2021-03-13T20:17:32Z
19.0017,2021-03-13T20:18:33Z
17.00083,2021-03-13T20:19:13Z
18.00343,2021-03-13T20:19:53Z
19.0017,2021-03-13T20:20:13Z
17.00083,2021-03-13T20:20:44Z
19.99996,2021-03-13T20:21:24Z
19.0017,2021-03-13T20:22:04Z
17.00083,2021-03-13T20:22:14Z
19.99996,2021-03-13T20:23:05Z
17.00083,2021-03-13T20:23:55Z
19.99996,2021-03-13T20:24:45Z
18.00343,2021-03-13T20:25:25Z
17.00083,2021-03-13T20:25:46Z
19.99996,2021-03-13T20:26:16Z
18.00343,2021-03-13T20:26:56Z
17.00083,2021-03-13T20:27:26Z
19.99996,2021-03-13T20:28:06Z
18.00343,2021-03-13T20:28:37Z
21.00256,2021-03-13T20:29:57Z
19.99996,2021-03-13T20:30:07Z
17.00083,2021-03-13T20:30:47Z
19.0017,2021-03-13T20:31:28Z
18.00343,2021-03-13T20:31:38Z
17.00083,2021-03-13T20:32:08Z
18.00343,2021-03-13T20:32:48Z
17.00083,2021-03-13T20:33:18Z
18.00343,2021-03-13T20:33:39Z
18.00343,2021-03-13T20:34:09Z
17.00083,2021-03-13T20:34:39Z
18.00343,2021-03-13T20:34:49Z
17.00083,2021-03-13T20:35:09Z
16.00257,2021-03-13T20:36:50Z
18.00343,2021-03-13T20:37:20Z
17.00083,2021-03-13T20:38:00Z
19.0017,2021-03-13T20:41:01Z
19.99996,2021-03-13T20:41:11Z
18.00343,2021-03-13T20:41:52Z
19.99996,2021-03-13T20:42:22Z
19.0017,2021-03-13T20:43:02Z
17.00083,2021-03-13T20:44:02Z
19.0017,2021-03-13T20:44:23Z
21.00256,2021-03-13T20:44:53Z
19.0017,2021-03-13T20:45:53Z
21.00256,2021-03-13T20:46:23Z
22.00082,2021-03-13T20:47:04Z
21.00256,2021-03-13T20:48:44Z
22.00082,2021-03-13T20:49:34Z
23.00342,2021-03-13T20:49:45Z
22.00082,2021-03-13T20:50:05Z
21.00256,2021-03-13T20:50:15Z
23.00342,2021-03-13T20:51:05Z
21.00256,2021-03-13T20:51:35Z
19.99996,2021-03-13T20:51:55Z
23.00342,2021-03-13T20:52:36Z
22.00082,2021-03-13T20:53:06Z
21.00256,2021-03-13T20:53:16Z
24.00168,2021-03-13T20:54:16Z
21.00256,2021-03-13T20:54:46Z
22.00082,2021-03-13T20:55:27Z
19.99996,2021-03-13T20:56:07Z
23.00342,2021-03-13T20:56:47Z
22.00082,2021-03-13T20:57:37Z
21.00256,2021-03-13T20:58:08Z
23.00342,2021-03-13T20:58:48Z
22.00082,2021-03-13T20:59:08Z
21.00256,2021-03-13T20:59:28Z
23.00342,2021-03-13T20:59:48Z
22.00082,2021-03-13T21:00:08Z
24.00168,2021-03-13T21:01:09Z
23.00342,2021-03-13T21:01:49Z
19.99996,2021-03-13T21:01:59Z
23.00342,2021-03-13T21:02:39Z
22.00082,2021-03-13T21:03:40Z
19.99996,2021-03-13T21:04:00Z
22.00082,2021-03-13T21:04:20Z
21.00256,2021-03-13T21:04:50Z
19.99996,2021-03-13T21:05:20Z
23.00342,2021-03-13T21:05:40Z
23.00342,2021-03-13T21:06:01Z
21.00256,2021-03-13T21:06:21Z
22.00082,2021-03-13T21:07:11Z
21.00256,2021-03-13T21:07:21Z
22.00082,2021-03-13T21:08:11Z
19.99996,2021-03-13T21:09:12Z
19.0017,2021-03-13T21:09:22Z
23.00342,2021-03-13T21:10:02Z
22.00082,2021-03-13T21:10:22Z
19.99996,2021-03-13T21:11:02Z
23.00342,2021-03-13T21:11:23Z
22.00082,2021-03-13T21:11:53Z
23.00342,2021-03-13T21:12:03Z
19.99996,2021-03-13T21:12:13Z
23.00342,2021-03-13T21:13:03Z
19.99996,2021-03-13T21:13:33Z
24.00168,2021-03-13T21:14:24Z
21.00256,2021-03-13T21:15:04Z
19.99996,2021-03-13T21:15:24Z
25.00429,2021-03-13T21:15:44Z
21.00256,2021-03-13T21:16:45Z
24.00168,2021-03-13T21:17:35Z
21.00256,2021-03-13T21:18:25Z
23.00342,2021-03-13T21:18:35Z
25.00429,2021-03-13T21:19:05Z
19.99996,2021-03-13T21:19:46Z
23.00342,2021-03-13T21:20:26Z
22.00082,2021-03-13T21:20:46Z
19.99996,2021-03-13T21:21:06Z
23.00342,2021-03-13T21:21:46Z
21.00256,2021-03-13T21:21:57Z
19.99996,2021-03-13T21:22:27Z
23.00342,2021-03-13T21:22:57Z
21.00256,2021-03-13T21:23:37Z
19.99996,2021-03-13T21:23:47Z
23.00342,2021-03-13T21:24:37Z
22.00082,2021-03-13T21:24:58Z
19.99996,2021-03-13T21:25:18Z
22.00082,2021-03-13T21:25:38Z
21.00256,2021-03-13T21:26:48Z
23.00342,2021-03-13T21:27:28Z
22.00082,2021-03-13T21:27:59Z
19.99996,2021-03-13T21:28:19Z
23.00342,2021-03-13T21:28:49Z
22.00082,2021-03-13T21:28:59Z
21.00256,2021-03-13T21:29:19Z
22.00082,2021-03-13T21:30:20Z
21.00256,2021-03-13T21:31:10Z
22.00082,2021-03-13T21:31:50Z
21.00256,2021-03-13T21:32:20Z
22.00082,2021-03-13T21:33:41Z
19.99996,2021-03-13T21:34:01Z
21.00256,2021-03-13T21:34:21Z
22.00082,2021-03-13T21:34:51Z
21.00256,2021-03-13T21:35:11Z
21.00256,2021-03-13T21:36:12Z
19.99996,2021-03-13T21:36:32Z
21.00256,2021-03-13T21:37:22Z
22.00082,2021-03-13T21:38:33Z
21.00256,2021-03-13T21:39:23Z
19.99996,2021-03-13T21:39:33Z
22.00082,2021-03-13T21:39:53Z
22.00082,2021-03-13T21:40:33Z
19.99996,2021-03-13T21:40:54Z
21.00256,2021-03-13T21:41:24Z
19.99996,2021-03-13T21:41:54Z
21.00256,2021-03-13T21:42:24Z
22.00082,2021-03-13T21:42:44Z
21.00256,2021-03-13T21:43:14Z
19.99996,2021-03-13T21:43:45Z
22.00082,2021-03-13T21:44:25Z
21.00256,2021-03-13T21:44:45Z
19.99996,2021-03-13T21:45:15Z
23.00342,2021-03-13T21:45:25Z
22.00082,2021-03-13T21:45:55Z
21.00256,2021-03-13T21:46:36Z
22.00082,2021-03-13T21:47:06Z
19.99996,2021-03-13T21:47:26Z
22.00082,2021-03-13T21:48:16Z
23.00342,2021-03-13T21:48:26Z
19.99996,2021-03-13T21:49:07Z
19.0017,2021-03-13T21:55:19Z
19.99996,2021-03-13T21:55:29Z
19.99996,2021-03-13T21:56:09Z
21.00256,2021-03-13T21:57:00Z
19.99996,2021-03-13T21:57:30Z
21.00256,2021-03-13T21:58:20Z
19.99996,2021-03-13T21:58:30Z
21.00256,2021-03-13T22:00:31Z
19.99996,2021-03-13T22:00:41Z
23.00342,2021-03-13T22:01:11Z
22.00082,2021-03-13T22:01:41Z
23.00342,2021-03-13T22:01:51Z
24.00168,2021-03-13T22:02:32Z
26.00255,2021-03-13T22:03:02Z
25.00429,2021-03-13T22:03:12Z
24.00168,2021-03-13T22:04:12Z
19.99996,2021-03-13T22:04:22Z
25.00429,2021-03-13T22:04:42Z
24.00168,2021-03-13T22:05:03Z
25.00429,2021-03-13T22:05:23Z
21.00256,2021-03-13T22:05:53Z
22.00082,2021-03-13T22:06:23Z
25.00429,2021-03-13T22:06:43Z
22.00082,2021-03-13T22:07:13Z
24.00168,2021-03-13T22:08:04Z
22.00082,2021-03-13T22:08:24Z
24.00168,2021-03-13T22:09:34Z
21.00256,2021-03-13T22:09:54Z
22.00082,2021-03-13T22:10:25Z
19.99996,2021-03-13T22:10:55Z
25.00429,2021-03-13T22:11:35Z
19.99996,2021-03-13T22:12:15Z
21.00256,2021-03-13T22:12:35Z
18.00343,2021-03-13T22:13:36Z
19.0017,2021-03-13T22:13:46Z
22.00082,2021-03-13T22:14:36Z
19.0017,2021-03-13T22:15:06Z
23.00342,2021-03-13T22:15:26Z
19.99996,2021-03-13T22:16:17Z
21.00256,2021-03-13T22:16:47Z
22.00082,2021-03-13T22:16:57Z
21.00256,2021-03-13T22:17:17Z
19.99996,2021-03-13T22:19:08Z
21.00256,2021-03-13T22:19:58Z
22.00082,2021-03-13T22:20:18Z
21.00256,2021-03-13T22:20:48Z
19.99996,2021-03-13T22:20:58Z
22.00082,2021-03-13T22:21:39Z
19.99996,2021-03-13T22:22:19Z
23.00342,2021-03-13T22:22:59Z
22.00082,2021-03-13T22:23:29Z
19.99996,2021-03-13T22:23:50Z
24.00168,2021-03-13T22:24:20Z
19.0017,2021-03-13T22:25:00Z
19.99996,2021-03-13T22:25:20Z
25.00429,2021-03-13T22:25:50Z
21.00256,2021-03-13T22:26:31Z
22.00082,2021-03-13T22:26:51Z
23.00342,2021-03-13T22:27:31Z
22.00082,2021-03-13T22:28:11Z
23.00342,2021-03-13T22:29:01Z
22.00082,2021-03-13T22:29:22Z
21.00256,2021-03-13T22:29:42Z
19.99996,2021-03-13T22:30:02Z
24.00168,2021-03-13T22:30:32Z
23.00342,2021-03-13T22:30:52Z
19.99996,2021-03-13T22:31:02Z
24.00168,2021-03-13T22:31:42Z
21.00256,2021-03-13T22:32:23Z
19.99996,2021-03-13T22:32:43Z
23.00342,2021-03-13T22:33:13Z
19.99996,2021-03-13T22:33:53Z
23.00342,2021-03-13T22:34:34Z
19.99996,2021-03-13T22:35:14Z
23.00342,2021-03-13T22:36:04Z
17.00083,2021-03-13T22:36:44Z
19.99996,2021-03-13T22:37:04Z
21.00256,2021-03-13T22:38:25Z
19.99996,2021-03-13T22:38:35Z
19.99996,2021-03-13T22:39:15Z
18.00343,2021-03-13T22:39:56Z
21.00256,2021-03-13T22:40:46Z
18.00343,2021-03-13T22:41:26Z
21.00256,2021-03-13T22:41:46Z
18.00343,2021-03-13T22:42:26Z
22.00082,2021-03-13T22:43:07Z
17.00083,2021-03-13T22:43:57Z
18.00343,2021-03-13T22:44:17Z
21.00256,2021-03-13T22:44:37Z
17.00083,2021-03-13T22:45:28Z
21.00256,2021-03-13T22:46:08Z
17.00083,2021-03-13T22:46:48Z
18.00343,2021-03-13T22:47:59Z
17.00083,2021-03-13T22:48:29Z
19.0017,2021-03-13T22:49:29Z
16.00257,2021-03-13T22:49:49Z
19.99996,2021-03-13T22:51:00Z
17.00083,2021-03-13T22:51:10Z
16.00257,2021-03-13T22:51:40Z
17.00083,2021-03-13T22:52:00Z
18.00343,2021-03-13T22:53:31Z
17.00083,2021-03-13T22:53:41Z
18.00343,2021-03-13T22:54:21Z
17.00083,2021-03-13T22:54:51Z
18.00343,2021-03-13T22:55:42Z
17.00083,2021-03-13T22:56:12Z
16.00257,2021-03-13T22:58:03Z
17.00083,2021-03-13T22:58:23Z
16.00257,2021-03-13T22:59:33Z
17.00083,2021-03-13T23:00:03Z
16.00257,2021-03-13T23:00:54Z
17.00083,2021-03-13T23:01:04Z
18.00343,2021-03-13T23:02:34Z
19.99996,2021-03-13T23:06:26Z
19.0017,2021-03-13T23:09:07Z
18.00343,2021-03-13T23:10:07Z
19.99996,2021-03-13T23:10:27Z
21.00256,2021-03-13T23:11:08Z
22.00082,2021-03-13T23:11:58Z
21.00256,2021-03-13T23:12:08Z
22.00082,2021-03-13T23:12:28Z
19.99996,2021-03-13T23:12:48Z
19.0017,2021-03-13T23:14:49Z
17.00083,2021-03-13T23:16:19Z
18.00343,2021-03-13T23:16:30Z
19.0017,2021-03-13T23:17:40Z
17.00083,2021-03-13T23:17:50Z
18.00343,2021-03-13T23:18:20Z
19.0017,2021-03-13T23:18:50Z
19.99996,2021-03-13T23:19:11Z
18.00343,2021-03-13T23:19:51Z
19.99996,2021-03-13T23:20:21Z
17.00083,2021-03-13T23:21:11Z
18.00343,2021-03-13T23:21:21Z
17.00083,2021-03-13T23:22:02Z
18.00343,2021-03-13T23:22:22Z
19.0017,2021-03-13T23:23:02Z
18.00343,2021-03-13T23:23:12Z
19.0017,2021-03-13T23:23:32Z
NaN,2021-03-13T23:24:18Z